{"1630227165.3983455/global_step": 0, "_timestamp": 1630227165.409583, "global_step": 0, "1630227165.4024181/global_step": 0, "1630227165.406128/global_step": 0, "_step": 0}