{"1630227547.3958044/global_step": 0, "_timestamp": 1630227547.4037921, "global_step": 0, "1630227547.398991/global_step": 0, "1630227547.401837/global_step": 0, "_step": 0}