{"1627402329.9362085/global_step": 0, "_timestamp": 1627410878.5577257, "global_step": 2500, "1627402329.9461236/global_step": 0, "1627402329.9684448/global_step": 0, "evaluation/scores_min": -0.9975489974021912, "evaluation/scores_max": -0.026960784569382668, "evaluation/scores_mean": -0.16421568393707275, "evaluation/scores_std": 0.18167105317115784, "evaluation/scores": {"_type": "histogram", "values": [0.0, 1.0, 0.0, 0.0, 0.0, 0.0, 0.0, 0.0, 0.0, 0.0, 0.0, 0.0, 1.0, 0.0, 0.0, 0.0, 2.0, 0.0, 0.0, 1.0, 3.0, 1.0, 2.0, 3.0, 4.0, 1.0, 1.0, 1.0, 1.0, 1.0, 0.0, 0.0, 0.0, 1.0, 0.0, 0.0, 0.0, 0.0, 0.0, 1.0], "bins": [-0.9975489974021912, -1.0089709758758545, -0.917246401309967, -0.8338603377342224, -0.7580548524856567, -0.689140796661377, -0.6264916062355042, -0.5695378184318542, -0.5177616477012634, -0.4706924259662628, -0.4279022216796875, -0.3890019953250885, -0.3536382019519806, -0.32148927450180054, -0.2922629714012146, -0.2656936049461365, -0.24153964221477509, -0.2195814996957779, -0.19961953163146973, -0.1814723014831543, -0.16497482359409332, -0.14997711777687073, -0.1363428384065628, -0.12394803017377853, -0.11268002539873123, -0.10243638604879379, -0.09312398731708527, -0.0846581682562828, -0.07696197181940079, -0.0699654296040535, -0.063604936003685, -0.05782267078757286, -0.05256606265902519, -0.04778733104467392, -0.04344302788376808, -0.039493661373853683, -0.03590332716703415, -0.032639387995004654, -0.02967217192053795, -0.02697470225393772, -0.026960784569382668]}, "evaluation/completions_min": 0.0, "evaluation/completions_max": 1.0, "evaluation/completions_mean": 0.9599999785423279, "evaluation/completions_std": 0.1959591805934906, "evaluation/completions": {"_type": "histogram", "values": [0.0, 1.0, 0.0, 0.0, 0.0, 0.0, 0.0, 0.0, 0.0, 0.0, 0.0, 0.0, 0.0, 0.0, 0.0, 0.0, 0.0, 0.0, 0.0, 0.0, 0.0, 0.0, 0.0, 0.0, 0.0, 0.0, 0.0, 0.0, 0.0, 0.0, 0.0, 0.0, 0.0, 0.0, 0.0, 0.0, 0.0, 0.0, 0.0, 0.0, 0.0, 0.0, 0.0, 0.0, 0.0, 0.0, 0.0, 0.0, 0.0, 0.0, 0.0, 0.0, 0.0, 0.0, 0.0, 0.0, 0.0, 0.0, 0.0, 0.0, 0.0, 0.0, 0.0, 0.0, 0.0, 0.0, 0.0, 0.0, 0.0, 0.0, 0.0, 0.0, 0.0, 0.0, 0.0, 0.0, 0.0, 0.0, 0.0, 0.0, 0.0, 0.0, 0.0, 0.0, 0.0, 0.0, 0.0, 0.0, 0.0, 0.0, 0.0, 0.0, 0.0, 0.0, 0.0, 0.0, 0.0, 0.0, 0.0, 0.0, 0.0, 0.0, 0.0, 0.0, 0.0, 0.0, 0.0, 0.0, 0.0, 0.0, 0.0, 0.0, 0.0, 0.0, 0.0, 0.0, 0.0, 0.0, 0.0, 0.0, 0.0, 0.0, 0.0, 0.0, 0.0, 0.0, 0.0, 0.0, 0.0, 0.0, 0.0, 0.0, 0.0, 0.0, 0.0, 0.0, 0.0, 0.0, 0.0, 0.0, 0.0, 0.0, 0.0, 0.0, 0.0, 0.0, 0.0, 0.0, 0.0, 0.0, 0.0, 0.0, 0.0, 0.0, 0.0, 0.0, 0.0, 0.0, 0.0, 0.0, 0.0, 0.0, 0.0, 0.0, 0.0, 0.0, 0.0, 0.0, 0.0, 0.0, 0.0, 0.0, 0.0, 0.0, 0.0, 0.0, 0.0, 0.0, 0.0, 0.0, 0.0, 0.0, 0.0, 0.0, 0.0, 0.0, 0.0, 0.0, 0.0, 0.0, 0.0, 0.0, 0.0, 0.0, 0.0, 0.0, 0.0, 0.0, 0.0, 0.0, 0.0, 0.0, 0.0, 0.0, 0.0, 0.0, 0.0, 0.0, 0.0, 0.0, 0.0, 0.0, 0.0, 0.0, 0.0, 0.0, 0.0, 0.0, 0.0, 0.0, 0.0, 0.0, 0.0, 0.0, 0.0, 0.0, 0.0, 0.0, 0.0, 0.0, 0.0, 0.0, 0.0, 0.0, 0.0, 0.0, 0.0, 0.0, 0.0, 0.0, 0.0, 0.0, 0.0, 0.0, 0.0, 0.0, 0.0, 0.0, 0.0, 0.0, 0.0, 0.0, 0.0, 0.0, 0.0, 0.0, 0.0, 0.0, 0.0, 0.0, 0.0, 0.0, 0.0, 0.0, 0.0, 0.0, 0.0, 0.0, 0.0, 0.0, 0.0, 0.0, 0.0, 0.0, 0.0, 0.0, 0.0, 0.0, 0.0, 0.0, 0.0, 0.0, 0.0, 0.0, 0.0, 0.0, 0.0, 0.0, 0.0, 0.0, 0.0, 24.0], "bins": [0.0, 0.0, 9.999999960041972e-13, 1.0999999739205735e-12, 1.2099999821546525e-12, 1.3309999803701178e-12, 1.464100000091173e-12, 1.610510010942312e-12, 1.771560979510478e-12, 1.9487170124093955e-12, 2.143588908806726e-12, 2.3579476045310077e-12, 2.593742495088369e-12, 2.8531166144929454e-12, 3.138428319310327e-12, 3.4522712379775333e-12, 3.797498340091243e-12, 4.177247957259933e-12, 4.5949728397221e-12, 5.054470297166658e-12, 5.559917110042889e-12, 6.1159089945195255e-12, 6.727500067443826e-12, 7.400249683875426e-12, 8.14027491247149e-12, 8.954302577190987e-12, 9.849733008382433e-12, 1.0834705528595112e-11, 1.1918176515135492e-11, 1.3109993993176694e-11, 1.4420993912911406e-11, 1.586309382461959e-11, 1.74494030336092e-11, 1.9194342296136035e-11, 2.1113777393111377e-11, 2.3225154438533124e-11, 2.5547669882386437e-11, 2.8102437044097428e-11, 3.091268213628595e-11, 3.4003948962135766e-11, 3.740434351140465e-11, 4.11447785564345e-11, 4.525925467735448e-11, 4.9785179451200534e-11, 5.4763700518822844e-11, 6.024006987681574e-11, 6.62640775583867e-11, 7.289048531422537e-11, 8.017952968231157e-11, 8.81974840383215e-11, 9.701723452382183e-11, 1.0671896005787218e-10, 1.1739084704309732e-10, 1.291299428496373e-10, 1.420429329712647e-10, 1.562472234928336e-10, 1.7187194722989574e-10, 1.890591433406641e-10, 2.0796506183806684e-10, 2.2876156524631597e-10, 2.516377106687173e-10, 2.768014983889344e-10, 3.0448163435004005e-10, 3.3492980611171674e-10, 3.6842279227400354e-10, 4.052650715014039e-10, 4.457915703248716e-10, 4.903707440107041e-10, 5.39407796207314e-10, 5.933485924813908e-10, 6.526834628317602e-10, 7.179517536037849e-10, 7.897469345152786e-10, 8.687216501712669e-10, 9.555938262906238e-10, 1.0511531645107652e-09, 1.1562685253707627e-09, 1.2718953668056088e-09, 1.3990849589973209e-09, 1.5389933771814412e-09, 1.6928927148995854e-09, 1.8621819641850834e-09, 2.0484001161946708e-09, 2.253240261040901e-09, 2.47856424273607e-09, 2.7264206448052164e-09, 2.9990627758991195e-09, 3.2989690978979525e-09, 3.6288658744609847e-09, 3.991752706156149e-09, 4.390927621500396e-09, 4.830020383650435e-09, 5.3130224664244e-09, 5.8443250239292865e-09, 6.428757526322215e-09, 7.071633056909832e-09, 7.778796273782973e-09, 8.556676256432638e-09, 9.41234379325806e-09, 1.0353578439037392e-08, 1.1388936016487605e-08, 1.2527829440500682e-08, 1.3780612206915066e-08, 1.5158674315784992e-08, 1.6674540859185072e-08, 1.834199458983221e-08, 2.0176194936993852e-08, 2.2193814785964605e-08, 2.4413195021111278e-08, 2.6854515056129458e-08, 2.953996691701377e-08, 3.249396129945126e-08, 3.5743358495210487e-08, 3.931769398946017e-08, 4.324946445422029e-08, 4.757441018909958e-08, 5.233185262909501e-08, 5.7565038957818615e-08, 6.332154356414321e-08, 6.965369436784385e-08, 7.661906664679918e-08, 8.428096975876542e-08, 9.27090653135565e-08, 1.0197997823979676e-07, 1.1217797180052003e-07, 1.2339576471731561e-07, 1.3573534829447453e-07, 1.4930888880826387e-07, 1.6423976489932102e-07, 1.80663747073595e-07, 1.9873012035986903e-07, 2.186031338169414e-07, 2.404634358299518e-07, 2.6450979362380167e-07, 2.909607701440109e-07, 3.200568414740701e-07, 3.5206252846364805e-07, 3.872687841521838e-07, 4.259956654095731e-07, 4.6859523195053043e-07, 5.154547579877544e-07, 5.670002565238974e-07, 6.237002594389196e-07, 6.860702796984697e-07, 7.546773304056842e-07, 8.301450407088851e-07, 9.131595675171411e-07, 1.0044755072158296e-06, 1.1049230579374125e-06, 1.2154154092058889e-06, 1.3369568705456913e-06, 1.4706525917063118e-06, 1.6177178849829943e-06, 1.7794895939005073e-06, 1.957438598765293e-06, 2.1531825495912926e-06, 2.368500645388849e-06, 2.605350800877204e-06, 2.8658857900154544e-06, 3.1524743917543674e-06, 3.4677218536671717e-06, 3.8144939935591538e-06, 4.195943347440334e-06, 4.615537818608573e-06, 5.0770913730957545e-06, 5.584800874203211e-06, 6.143280643300386e-06, 6.75760884405463e-06, 7.433369773934828e-06, 8.176706614904106e-06, 8.994377822091337e-06, 9.89381533145206e-06, 1.0883196409849916e-05, 1.1971515959885437e-05, 1.3168668374419212e-05, 1.4485534848063253e-05, 1.59340888785664e-05, 1.7527496311231516e-05, 1.928024721564725e-05, 2.1208272301009856e-05, 2.33290993492119e-05, 2.566200782894157e-05, 2.8228208975633606e-05, 3.1051029509399086e-05, 3.4156131732743233e-05, 3.757174636120908e-05, 4.1328919905936345e-05, 4.546181298792362e-05, 5.0007995014311746e-05, 5.500879342434928e-05, 6.0509672039188445e-05, 6.656064215349033e-05, 7.321670273086056e-05, 8.05383751867339e-05, 8.859221270540729e-05, 9.745143324835226e-05, 0.0001071965743904002, 0.00011791623546741903, 0.00012970785610377789, 0.00014267864753492177, 0.0001569465093780309, 0.00017264115740545094, 0.00018990527314599603, 0.00020889579900540411, 0.00022978537890594453, 0.00025276391534134746, 