{"1630227681.4207063/global_step": 0, "_timestamp": 1630227681.4301996, "global_step": 0, "1630227681.4243581/global_step": 0, "1630227681.42785/global_step": 0, "_step": 0}