{"1630230891.1414974/global_step": 0, "_timestamp": 1630230891.1519957, "global_step": 0, "1630230891.1449218/global_step": 0, "1630230891.148606/global_step": 0, "_step": 0}