{"1630227309.0777898/global_step": 0, "_timestamp": 1630227309.08935, "global_step": 0, "1630227309.0827897/global_step": 0, "1630227309.0871522/global_step": 0, "_step": 0}