{"1630231249.3351948/global_step": 0, "_timestamp": 1630231249.3463655, "global_step": 0, "1630231249.339774/global_step": 0, "1630231249.3439715/global_step": 0, "_step": 0}