{"1630226990.9390278/global_step": 0, "_timestamp": 1630226990.9495888, "global_step": 0, "1630226990.9426892/global_step": 0, "1630226990.947241/global_step": 0, "_step": 0}