{"1630227811.0085752/global_step": 0, "_timestamp": 1630227811.0205286, "global_step": 0, "1630227811.0143282/global_step": 0, "1630227811.0179837/global_step": 0, "_step": 0}