{"1630227485.9679425/global_step": 0, "_timestamp": 1630227485.981337, "global_step": 0, "1630227485.973424/global_step": 0, "1630227485.9782774/global_step": 0, "_step": 0}