{"1630231320.101004/global_step": 0, "_timestamp": 1630231320.112691, "global_step": 0, "1630231320.1065261/global_step": 0, "1630231320.1101406/global_step": 0, "_step": 0}