{"1630231119.0400438/global_step": 0, "_timestamp": 1630231119.0501657, "global_step": 0, "1630231119.0440118/global_step": 0, "1630231119.0476542/global_step": 0, "_step": 0}